epoch,mse,psnr,ssim
0,0.003014617180322716,28.638712447607404,0.84323682738006
20,0.0028935809046910423,29.605679692074617,0.8572149171322786
