epoch,mse,psnr,ssim
0,0.009705503143675052,21.220897573540125,0.7893750928400997
25,0.007878484281406308,22.28947585763211,0.8018557163243968
