category,type,PSNR,SSIM
city,restored_restoration,25.36252106505639,0.7779266186263933
city,restored_superres,24.973505390743217,0.7607979930046876
faces,restored_restoration,26.208288418466243,0.8179372046036294
faces,restored_superres,27.32331111261151,0.8099997468314635
nature,restored_restoration,24.196838386863234,0.7614453424186003
nature,restored_superres,25.16284313386034,0.7402721640490008
